[
    {
      "name":"Notejoy",
      "imgUrl":"/assets/img/products/notejoy@2x.png",
      "url":"https://notejoy.com/",
      "description":"Drowning in email & Slack? <a href=\"https://notejoy.com/\" target=\"_blank\" rel=\"noopener\">Notejoy</a>'s fast and focused workspace is the perfect solution. Its Quick Find experience, powered by Fuse.js, makes it incredibly quick to jump to any specific note."
    },
    {
      "imgUrl":"/assets/img/products/notebag@2x.png",
      "url":"https://notebag.app/",
      "description":"<a href=\"https://notebag.app/\" target=\"_blank\" rel=\"noopener\">Notebag</a> is a new experience in note taking, designed from the ground up to be usable from your keyboard. Its fuzzy searching is powered by Fuse.js."
    }
  ]